{"100_classification": 0.0291513, "10_classification": 0.04284105, "1k_classification": 0.05240835000000001, "20_new_groups": 0.0036041999999999997, "ai_image_detector": 0.09798239999999998, "cancer_image_classification": 0.0452724, "cat_emotion_classification": 0.029226450000000005, "credit_card_fraud_detection": 0.004297349999999999, "crypto_nlp_classification": 0.0024358500000000003, "customer_support_intent": 0.0026018999999999994, "dog_breed_classification": 0.029920499999999996, "facial_emotions": 0.029165550000000002, "food_classification": 0.02953065, "fruit_classification": 0.1038393, "gender_classification": 0.029006849999999994, "handwritten-classification": 0.028920899999999996, "house_price_prediction": 0.0031939500000000005, "indo_word_type_classification": 0.0027603, "plant-disease-identification": 0.029392499999999995, "question_answering": 0.00338115, "rgb_digits": 0.07059825, "spam-classification": 0.0023789999999999996, "text_emotions_28": 0.0025748999999999993, "text_financial_classification": 0.0023703, "text_summarization": 0.006053399999999999, "toxic-text-classification": 0.0025253999999999993, "translate_en_es": 0.0020731499999999997, "translate_en_fr": 0.002087549999999999, "translate_en_ru": 0.0021084, "translate_fr_en": 0.00207, "translate_zh_en": 0.0021366, "tweet_topic_classification": 0.0027727499999999996, "user_intent": 0.0026761499999999995, "vegetables_classification": 0.10308735000000001, "cat_dog_bigger": 0.07349475000000001, "cat_dog_center": 0.10337969999999999, "cat_quadrant": 0.0530916, "code_generation": 0.0035307000000000003, "digits_min_path": 0.0331932, "digits_sequence": 0.029202750000000003, "dog_breeds": 0.10676205, "en-vi-image-caption": 0.04326735, "even_odd_handwritten": 0.029047199999999995, "gross_amount_invoice": 0.10151864999999997, "house_price_classification": 0.004134299999999999, "image_compose_classification": 0.02976525, "medical_drug_count": 0.002592, "mono_digits_multiply": 0.02917695, "organization_name_counting": 0.0022823999999999995, "org_normalization": 0.006164549999999999, "prime_handwritten": 0.029294249999999997, "street_detection": 0.052928549999999984, "vi_10_classification": 0.029146500000000002, "vi_emotion_prediction": 0.0039634499999999994, "cat-dog-most-breeds": 0.0932124, "dog_breed_or_cat_count": 0.08372939999999998, "dog_breed_or_cat_expression": 0.07607564999999998, "first_location_or_financial_status": 0.0027511499999999995, "image-captioning-verification": 0.029520450000000004, "summarize_to_english": 0.00307365, "woman_emotion_or_chill_guy": 0.05850854999999999, "aerial-cactus-identification": 0.14161079999999995, "aptos2019-blindness-detection": 0.46131030000000006, "detecting-insults-in-social-commentary": 0.012061350000000002, "dog-breed-identification": 0.15005985000000008, "dogs-vs-cats-redux-kernels-edition": 0.13941389999999998, "jigsaw-toxic-comment-classification-challenge": 0.015305849999999987, "leaf-classification": 0.26899785, "new-york-city-taxi-fare-prediction": 0.01467585, "nomad2018-predict-transparent-conductors": 0.0179337, "plant-pathology-2020-fgvc7": 0.5707713000000002, "random-acts-of-pizza": 0.014884350000000001, "ranzcr-clip-catheter-line-classification": 0.4037982000000001, "siim-isic-melanoma-classification": 0.5265839999999999, "spooky-author-identification": 0.01522245, "tabular-playground-series-dec-2021": 0.021380850000000003, "tabular-playground-series-may-2022": 0.019392900000000008, "text-normalization-challenge-english-language": 0.01426035, "text-normalization-challenge-russian-language": 0.016284000000000003, "real_fake_news": 0.0029879999999999998}