{"100_classification": 0.028101749999999995, "10_classification": 0.041520599999999984, "1k_classification": 0.050915099999999984, "20_new_groups": 0.00228225, "ai_image_detector": 0.09698984999999999, "cancer_image_classification": 0.04396619999999999, "cat_emotion_classification": 0.028175099999999998, "credit_card_fraud_detection": 0.002763, "crypto_nlp_classification": 0.0014294999999999998, "customer_support_intent": 0.00164775, "dog_breed_classification": 0.028963950000000006, "facial_emotions": 0.028163999999999984, "food_classification": 0.028219499999999995, "fruit_classification": 0.10297574999999999, "gender_classification": 0.028104300000000006, "handwritten-classification": 0.028088549999999997, "house_price_prediction": 0.0019601999999999996, "indo_word_type_classification": 0.00167775, "plant-disease-identification": 0.028215749999999984, "question_answering": 0.0022037999999999997, "real_fake_news": 0.0015244499999999997, "rgb_digits": 0.06842159999999994, "spam-classification": 0.0013816499999999997, "text_emotions_28": 0.0014155500000000002, "text_financial_classification": 0.0014107500000000003, "text_summarization": 0.004787850000000001, "toxic-text-classification": 0.0015106499999999999, "translate_en_es": 0.0013164, "translate_en_fr": 0.0013181999999999998, "translate_en_ru": 0.0013240499999999996, "translate_fr_en": 0.0013144499999999998, "translate_zh_en": 0.00131025, "tweet_topic_classification": 0.0015473999999999996, "user_intent": 0.0015234, "vegetables_classification": 0.10226279999999999, "cat_dog_bigger": 0.0723138, "cat_dog_center": 0.10207754999999999, "cat_quadrant": 0.051944849999999994, "code_generation": 0.0018758999999999996, "digits_min_path": 0.028498049999999987, "digits_sequence": 0.02823660000000001, "dog_breeds": 0.10559489999999999, "en-vi-image-caption": 0.041898899999999996, "even_odd_handwritten": 0.028170450000000003, "gross_amount_invoice": 0.10047809999999999, "house_price_classification": 0.00215235, "image_compose_classification": 0.028373099999999988, "medical_drug_count": 0.00152565, "mono_digits_multiply": 0.02824860000000001, "organization_name_counting": 0.00138945, "org_normalization": 0.0034005000000000003, "prime_handwritten": 0.028147500000000002, "street_detection": 0.051976800000000004, "vi_10_classification": 0.028234349999999984, "vi_emotion_prediction": 0.0027075, "cat-dog-most-breeds": 0.09200264999999998, "dog_breed_or_cat_count": 0.08267624999999998, "dog_breed_or_cat_expression": 0.07511490000000003, "first_location_or_financial_status": 0.0016481999999999996, "image-captioning-verification": 0.02843670000000001, "summarize_to_english": 0.0021068999999999997, "woman_emotion_or_chill_guy": 0.05727239999999998, "aerial-cactus-identification": 0.1357288499999998, "aptos2019-blindness-detection": 0.4548157500000003, "detecting-insults-in-social-commentary": 0.007166999999999997, "dog-breed-identification": 0.1454576999999999, "dogs-vs-cats-redux-kernels-edition": 0.13521375, "jigsaw-toxic-comment-classification-challenge": 0.009311099999999996, "leaf-classification": 0.26390864999999997, "new-york-city-taxi-fare-prediction": 0.007689000000000013, "nomad2018-predict-transparent-conductors": 0.010218749999999995, "plant-pathology-2020-fgvc7": 0.56499855, "random-acts-of-pizza": 0.008291999999999997, "ranzcr-clip-catheter-line-classification": 0.39593505000000095, "siim-isic-melanoma-classification": 0.5196862500000002, "spooky-author-identification": 0.007527899999999997, "tabular-playground-series-dec-2021": 0.014321700000000001, "tabular-playground-series-may-2022": 0.012049950000000005, "text-normalization-challenge-english-language": 0.008710350000000006, "text-normalization-challenge-russian-language": 0.00969885}