{"100_classification": 0.20036250000000005, "10_classification": 0.2967394499999998, "1k_classification": 0.2961147, "20_new_groups": 0.14154345000000002, "ai_image_detector": 0.20028465000000004, "audio_classification": 0.14762940000000005, "cancer_image_classification": 0.19204125000000002, "cat_emotion_classification": 0.20060520000000007, "credit_card_fraud_detection": 0.013275599999999999, "crypto_nlp_classification": 0.16969830000000002, "customer_support_intent": 0.18676139999999994, "dog_breed_classification": 0.2002959, "emotion_audio_classification": 0.14789039999999998, "facial_emotions": 0.23298809999999998, "food_classification": 0.20070359999999995, "fruit_classification": 0.20053695, "gender_classification": 0.2002548000000001, "handwritten-classification": 0.20030594999999993, "house_price_prediction": 0.011942249999999995, "indo_word_type_classification": 0.16293074999999993, "lang_audio_classification": 0.15039284999999997, "music_genres": 0.14737199999999995, "plant-disease-identification": 0.20075204999999993, "question_answering": 0.11927099999999999, "rgb_digits": 0.48720975000000044, "spam-classification": 0.17800410000000003, "text_emotions_28": 0.17816340000000003, "text_financial_classification": 0.178191, "text_summarization": 0.08105039999999997, "toxic-text-classification": 0.17886285, "translate_en_es": 0.15153345000000001, "translate_en_fr": 0.15163754999999993, "translate_en_ru": 0.1513884, "translate_fr_en": 0.1517225999999999}