{
    "100_classification": 0.015708800000000002,
    "20_new_groups": 0.019142399999999993,
    "audio_classification": 0.014560499999999995,
    "video_classification": 0.014234250000000004,
    "10_classification": 0.020827199999999962,
    "1k_classification": 0.020852549999999987,
    "ai_image_detector": 0.016541849999999983,
    "cancer_image_classification": 0.01721625000000001,
    "cat_emotion_classification": 0.017086050000000002,
    "crypto_nlp_classification": 0.01598985,
    "customer_support_intent": 0.016419300000000005,
    "dog_breed_classification": 0.05146034999999998,
    "emotion_audio_classification": 0.014741999999999991,
    "facial_emotions": 0.09443984999999999,
    "food_classification": 0.017167949999999998,
    "fruit_classification": 0.034314150000000015,
    "gender_classification": 0.016833900000000002,
    "handwritten-classification": 0.044924399999999996,
    "lang_audio_classification": 0.17131380000000004,
    "music_genres": 0.007907850000000001,
    "plant-disease-identification": 0.03457185,
    "real_fake_news": 0.016733550000000007,
    "rgb_digits": 0.028215449999999996,
    "spam-classification": 0.015860100000000002,
    "indo_word_type_classification": 0.06868485000000002,
    "text_emotions_28": 0.0159351,
    "text_financial_classification": 0.0159873,
    "toxic-text-classification": 0.016443299999999998,
    "tweet_topic_classification": 0.01644105,
    "user_intent": 0.01617404999999999,
    "vegetables_classification": 0.017488650000000005,
    "question_answering": 0.011625149999999999,
    "translate_en_es": 0.014569499999999997,
    "translate_en_fr": 0.014598599999999998,
    "translate_en_ru": 0.014520599999999998,
    "translate_fr_en": 0.014597999999999998,
    "translate_zh_en": 0.014503049999999998,
    "cat_dog_bigger": 0.009686100000000003,
    "cat_dog_center": 0.023506949999999995,
    "cat_quadrant": 0.02292165000000001,
    "code_generation": 0.01261875,
    "digits_min_path": 0.012743549999999992,
    "digits_sequence": 0.013314749999999995,
    "en-vi-image-caption": 0.023245199999999994,
    "even_odd_handwritten": 0.017471099999999976,
    "gross_amount_invoice": 0.0080175,
    "mono_digits_multiply": 0.0093417,
    "organization_name_counting": 0.022571999999999988,
    "org_normalization": 0.03172335,
    "prime_handwritten": 0.026112599999999996,
    "street_detection": 0.02193899999999999,
    "vi_10_classification": 0.025536299999999998,
    "vi_emotion_prediction": 0.02375625,
    "audio-image-consistency": 0.00538065,
    "audio-invoice": 0.025210049999999998,
    "cat-dog-most-breeds": 0.030759149999999996,
    "daily-diary-alignment": 0.014618849999999984,
    "dog_breed_or_cat_count": 0.021902399999999995,
    "dog_breed_or_cat_expression": 0.023852999999999992,
    "first_location_or_financial_status": 0.024823799999999997,
    "woman_emotion_or_chill_guy": 0.02578379999999998,
    "image-captioning-verification": 0.024104850000000004,
    "summarize_to_english": 0.023444700000000006,
    "aerial-cactus-identification": 0.04360679999999993,
    "aptos2019-blindness-detection": 0.041945399999999994,
    "dog-breed-identification": 0.04138275000000001,
    "detecting-insults-in-social-commentary": 0.0417444,
    "dogs-vs-cats-redux-kernels-edition": 0.04917359999999992,
    "histopathologic-cancer-detection": 0.056474849999999965,
    "jigsaw-toxic-comment-classification-challenge": 0.05618459999999999,
    "leaf-classification": 0.0490648500000001,
    "plant-pathology-2020-fgvc7": 0.05069475000000003,
    "random-acts-of-pizza": 0.042906749999999994,
    "ranzcr-clip-catheter-line-classification": 0.051718799999999954,
    "siim-isic-melanoma-classification": 0.04665509999999991,
    "spooky-author-identification": 0.0008412,
    "text-normalization-challenge-english-language": 0.022179899999999995,
    "text-normalization-challenge-russian-language": 0.0452274,
    "the-icml-2013-whale-challenge-right-whale-redux": 0.05489490000000006
}