{"100_classification": 0.02777520000000001, "10_classification": 0.04103234999999999, "1k_classification": 0.05042745, "20_new_groups": 0.0019503000000000003, "ai_image_detector": 0.09667049999999996, "cancer_image_classification": 0.043644, "cat_emotion_classification": 0.02784434999999999, "credit_card_fraud_detection": 0.00243225, "crypto_nlp_classification": 0.0010975499999999997, "customer_support_intent": 0.0013169999999999998, "dog_breed_classification": 0.028639199999999986, "facial_emotions": 0.02783805, "food_classification": 0.027888150000000004, "fruit_classification": 0.10264500000000001, "gender_classification": 0.02777354999999999, "handwritten-classification": 0.027757800000000013, "house_price_prediction": 0.0016300499999999996, "indo_word_type_classification": 0.0013499999999999994, "plant-disease-identification": 0.027885600000000007, "question_answering": 0.0019054500000000002, "real_fake_news": 0.0011936999999999996, "rgb_digits": 0.06761834999999992, "spam-classification": 0.0010508999999999998, "text_emotions_28": 0.0010877999999999999, "text_financial_classification": 0.0010799999999999998, "text_summarization": 0.0047961, "toxic-text-classification": 0.0011805, "translate_en_es": 0.00098625, "translate_en_fr": 0.00098805, "translate_en_ru": 0.0009945000000000002, "translate_fr_en": 0.0009903000000000002, "translate_zh_en": 0.0009830999999999998, "tweet_topic_classification": 0.00121125, "user_intent": 0.00119565, "vegetables_classification": 0.10193205000000001, "cat_dog_bigger": 0.07198245, "cat_dog_center": 0.10174680000000003, "cat_quadrant": 0.051614699999999986, "code_generation": 0.0016244999999999999, "digits_min_path": 0.0281673, "digits_sequence": 0.027904649999999993, "dog_breeds": 0.10526414999999997, "en-vi-image-caption": 0.041486249999999995, "even_odd_handwritten": 0.027839699999999988, "gross_amount_invoice": 0.10014854999999999, "house_price_classification": 0.0018215999999999996, "image_compose_classification": 0.028030950000000002, "medical_drug_count": 0.0011949, "mono_digits_multiply": 0.02792204999999999, "organization_name_counting": 0.0010586999999999997, "org_normalization": 0.0029164499999999993, "prime_handwritten": 0.027815549999999984, "street_detection": 0.05164544999999998, "vi_10_classification": 0.027903600000000004, "vi_emotion_prediction": 0.002376749999999999, "cat-dog-most-breeds": 0.0916773, "dog_breed_or_cat_count": 0.08234429999999998, "dog_breed_or_cat_expression": 0.07476854999999996, "first_location_or_financial_status": 0.0013144499999999998, "image-captioning-verification": 0.02812274999999999, "summarize_to_english": 0.00180555, "woman_emotion_or_chill_guy": 0.056941649999999976, "aerial-cactus-identification": 0.1341380999999999, "aptos2019-blindness-detection": 0.45322499999999954, "detecting-insults-in-social-commentary": 0.005576249999999995, "dog-breed-identification": 0.14387175, "dogs-vs-cats-redux-kernels-edition": 0.13362300000000013, "jigsaw-toxic-comment-classification-challenge": 0.007690949999999999, "leaf-classification": 0.2623678500000001, "new-york-city-taxi-fare-prediction": 0.006192750000000001, "nomad2018-predict-transparent-conductors": 0.008639999999999986, "plant-pathology-2020-fgvc7": 0.5634120000000004, "random-acts-of-pizza": 0.006701249999999996, "ranzcr-clip-catheter-line-classification": 0.3946424999999997, "siim-isic-melanoma-classification": 0.5180954999999999, "spooky-author-identification": 0.005956949999999998, "tabular-playground-series-dec-2021": 0.012730949999999994, "tabular-playground-series-may-2022": 0.010459200000000007, "text-normalization-challenge-english-language": 0.0071521500000000056, "text-normalization-challenge-russian-language": 0.0081369}